N-gram-feat-comb,total_feat_num,weight scheme,classifier,cv-acc,cv-balanced_acc,cv-roc,cv-f1-fake,acc,balanced_acc,roc,f1_fake,f1_real
1-0-0 char-word-func,101,binary,LogisticRegression,0.66,0.64,0.79,0.52,0.75,0.72,0.85,0.65,0.8
1-0-0 char-word-func,101,binary,LinearSVC,0.73,0.73,0.81,0.72,0.8,0.79,0.0,0.76,0.83
1-0-0 char-word-func,101,binary,SVC,0.67,0.64,0.79,0.46,0.77,0.75,0.0,0.68,0.82
1-0-0 char-word-func,101,binary,DecisionTreeClassifier,0.72,0.72,0.72,0.68,0.77,0.76,0.78,0.72,0.8
1-0-0 char-word-func,101,binary,RandomForestClassifier,0.65,0.61,0.8,0.32,0.72,0.68,0.89,0.52,0.8
1-0-0 char-word-func,101,binary,MultinomialNB,0.64,0.66,0.77,0.7,0.66,0.69,0.82,0.69,0.63
1-0-0 char-word-func,101,binary,BernoulliNB,0.66,0.68,0.76,0.71,0.69,0.71,0.82,0.71,0.67
1-0-0 char-word-func,101,binary,AdaBoostClassifier,0.7,0.69,0.76,0.67,0.78,0.77,0.9,0.73,0.82
2-0-0 char-word-func,1555,binary,LogisticRegression,0.79,0.79,0.89,0.78,0.85,0.84,0.94,0.81,0.88
2-0-0 char-word-func,1555,binary,LinearSVC,0.8,0.8,0.9,0.79,0.84,0.83,0.0,0.8,0.87
2-0-0 char-word-func,1555,binary,SVC,0.8,0.81,0.9,0.8,0.85,0.84,0.0,0.81,0.88
2-0-0 char-word-func,1555,binary,DecisionTreeClassifier,0.73,0.73,0.73,0.71,0.81,0.79,0.79,0.76,0.84
2-0-0 char-word-func,1555,binary,RandomForestClassifier,0.66,0.63,0.89,0.34,0.74,0.7,0.94,0.56,0.82
2-0-0 char-word-func,1555,binary,MultinomialNB,0.72,0.73,0.85,0.73,0.81,0.81,0.92,0.79,0.82
2-0-0 char-word-func,1555,binary,BernoulliNB,0.69,0.71,0.81,0.71,0.74,0.75,0.88,0.73,0.75
2-0-0 char-word-func,1555,binary,AdaBoostClassifier,0.81,0.8,0.87,0.79,0.84,0.82,0.92,0.8,0.86
3-0-0 char-word-func,7927,binary,LogisticRegression,0.68,0.68,0.81,0.64,0.82,0.8,0.9,0.77,0.85
3-0-0 char-word-func,7927,binary,LinearSVC,0.72,0.73,0.81,0.71,0.81,0.8,0.0,0.76,0.83
3-0-0 char-word-func,7927,binary,SVC,0.73,0.73,0.82,0.71,0.81,0.79,0.0,0.76,0.84
3-0-0 char-word-func,7927,binary,DecisionTreeClassifier,0.74,0.74,0.74,0.72,0.81,0.81,0.81,0.78,0.84
3-0-0 char-word-func,7927,binary,RandomForestClassifier,0.59,0.55,0.82,0.18,0.7,0.65,0.93,0.47,0.79
3-0-0 char-word-func,7927,binary,MultinomialNB,0.68,0.69,0.83,0.7,0.82,0.83,0.92,0.81,0.84
3-0-0 char-word-func,7927,binary,BernoulliNB,0.64,0.65,0.7,0.68,0.69,0.72,0.82,0.71,0.68
3-0-0 char-word-func,7927,binary,AdaBoostClassifier,0.77,0.76,0.84,0.73,0.83,0.82,0.9,0.78,0.86
4-0-0 char-word-func,20681,binary,LogisticRegression,0.66,0.65,0.75,0.6,0.79,0.76,0.85,0.71,0.83
4-0-0 char-word-func,20681,binary,LinearSVC,0.65,0.65,0.75,0.63,0.78,0.77,0.0,0.72,0.82
4-0-0 char-word-func,20681,binary,SVC,0.67,0.67,0.76,0.64,0.76,0.74,0.0,0.68,0.8
4-0-0 char-word-func,20681,binary,DecisionTreeClassifier,0.63,0.63,0.63,0.58,0.65,0.64,0.64,0.59,0.7
4-0-0 char-word-func,20681,binary,RandomForestClassifier,0.56,0.51,0.74,0.06,0.59,0.52,0.88,0.07,0.74
4-0-0 char-word-func,20681,binary,MultinomialNB,0.64,0.64,0.71,0.65,0.78,0.79,0.87,0.76,0.79
4-0-0 char-word-func,20681,binary,BernoulliNB,0.58,0.59,0.63,0.63,0.63,0.66,0.74,0.65,0.61
4-0-0 char-word-func,20681,binary,AdaBoostClassifier,0.71,0.7,0.76,0.66,0.71,0.69,0.78,0.61,0.77
5-0-0 char-word-func,31926,binary,LogisticRegression,0.64,0.64,0.72,0.59,0.75,0.72,0.83,0.64,0.81
5-0-0 char-word-func,31926,binary,LinearSVC,0.64,0.64,0.74,0.61,0.76,0.74,0.0,0.69,0.8
5-0-0 char-word-func,31926,binary,SVC,0.66,0.66,0.73,0.62,0.74,0.72,0.0,0.65,0.79
5-0-0 char-word-func,31926,binary,DecisionTreeClassifier,0.58,0.58,0.58,0.54,0.64,0.64,0.64,0.6,0.68
5-0-0 char-word-func,31926,binary,RandomForestClassifier,0.57,0.52,0.7,0.07,0.58,0.51,0.77,0.05,0.73
5-0-0 char-word-func,31926,binary,MultinomialNB,0.59,0.6,0.65,0.62,0.74,0.74,0.82,0.71,0.77
5-0-0 char-word-func,31926,binary,BernoulliNB,0.54,0.56,0.6,0.6,0.62,0.65,0.71,0.65,0.59
5-0-0 char-word-func,31926,binary,AdaBoostClassifier,0.68,0.68,0.74,0.65,0.7,0.69,0.77,0.65,0.74
6-0-0 char-word-func,37105,binary,LogisticRegression,0.63,0.63,0.7,0.58,0.74,0.71,0.81,0.63,0.8
6-0-0 char-word-func,37105,binary,LinearSVC,0.63,0.63,0.71,0.61,0.74,0.72,0.0,0.66,0.79
6-0-0 char-word-func,37105,binary,SVC,0.63,0.63,0.71,0.59,0.73,0.71,0.0,0.64,0.78
6-0-0 char-word-func,37105,binary,DecisionTreeClassifier,0.58,0.58,0.58,0.54,0.64,0.64,0.64,0.59,0.68
6-0-0 char-word-func,37105,binary,RandomForestClassifier,0.56,0.51,0.69,0.05,0.6,0.53,0.74,0.1,0.74
6-0-0 char-word-func,37105,binary,MultinomialNB,0.55,0.57,0.63,0.59,0.75,0.75,0.8,0.71,0.78
6-0-0 char-word-func,37105,binary,BernoulliNB,0.53,0.55,0.59,0.61,0.62,0.64,0.7,0.65,0.59
6-0-0 char-word-func,37105,binary,AdaBoostClassifier,0.66,0.66,0.72,0.62,0.68,0.66,0.74,0.6,0.73
0-1-0 char-word-func,4020,binary,LogisticRegression,0.65,0.64,0.73,0.57,0.74,0.72,0.79,0.63,0.8
0-1-0 char-word-func,4020,binary,LinearSVC,0.66,0.66,0.74,0.64,0.73,0.71,0.0,0.65,0.78
0-1-0 char-word-func,4020,binary,SVC,0.65,0.64,0.74,0.59,0.72,0.69,0.0,0.59,0.78
0-1-0 char-word-func,4020,binary,DecisionTreeClassifier,0.6,0.59,0.59,0.54,0.68,0.66,0.66,0.61,0.72
0-1-0 char-word-func,4020,binary,RandomForestClassifier,0.55,0.51,0.69,0.07,0.58,0.51,0.76,0.04,0.73
0-1-0 char-word-func,4020,binary,MultinomialNB,0.59,0.61,0.68,0.63,0.73,0.74,0.82,0.71,0.75
0-1-0 char-word-func,4020,binary,BernoulliNB,0.56,0.58,0.67,0.62,0.67,0.69,0.8,0.69,0.66
0-1-0 char-word-func,4020,binary,AdaBoostClassifier,0.66,0.66,0.74,0.62,0.73,0.72,0.83,0.68,0.77
0-2-0 char-word-func,6690,binary,LogisticRegression,0.64,0.63,0.68,0.51,0.67,0.63,0.72,0.48,0.76
0-2-0 char-word-func,6690,binary,LinearSVC,0.63,0.63,0.67,0.6,0.68,0.66,0.0,0.59,0.74
0-2-0 char-word-func,6690,binary,SVC,0.63,0.61,0.68,0.49,0.66,0.62,0.0,0.46,0.75
0-2-0 char-word-func,6690,binary,DecisionTreeClassifier,0.53,0.53,0.53,0.5,0.57,0.56,0.56,0.5,0.63
0-2-0 char-word-func,6690,binary,RandomForestClassifier,0.55,0.5,0.63,0.01,0.58,0.51,0.67,0.04,0.73
0-2-0 char-word-func,6690,binary,MultinomialNB,0.54,0.56,0.59,0.58,0.66,0.65,0.75,0.61,0.7
0-2-0 char-word-func,6690,binary,BernoulliNB,0.51,0.54,0.59,0.58,0.62,0.63,0.75,0.62,0.63
0-2-0 char-word-func,6690,binary,AdaBoostClassifier,0.65,0.64,0.7,0.58,0.63,0.62,0.69,0.54,0.7
0-3-0 char-word-func,2860,binary,LogisticRegression,0.62,0.59,0.68,0.35,0.61,0.56,0.65,0.29,0.73
0-3-0 char-word-func,2860,binary,LinearSVC,0.64,0.63,0.66,0.56,0.62,0.6,0.0,0.49,0.7
0-3-0 char-word-func,2860,binary,SVC,0.58,0.54,0.68,0.19,0.61,0.54,0.0,0.19,0.74
0-3-0 char-word-func,2860,binary,DecisionTreeClassifier,0.56,0.56,0.55,0.52,0.55,0.53,0.53,0.44,0.61
0-3-0 char-word-func,2860,binary,RandomForestClassifier,0.56,0.51,0.68,0.04,0.57,0.5,0.66,0.0,0.73
0-3-0 char-word-func,2860,binary,MultinomialNB,0.56,0.57,0.61,0.58,0.64,0.63,0.69,0.58,0.68
0-3-0 char-word-func,2860,binary,BernoulliNB,0.57,0.58,0.61,0.57,0.64,0.62,0.7,0.53,0.71
0-3-0 char-word-func,2860,binary,AdaBoostClassifier,0.64,0.63,0.66,0.54,0.58,0.57,0.63,0.51,0.63
0-4-0 char-word-func,847,binary,LogisticRegression,0.59,0.55,0.65,0.18,0.58,0.52,0.59,0.08,0.73
0-4-0 char-word-func,847,binary,LinearSVC,0.64,0.61,0.64,0.46,0.59,0.55,0.0,0.35,0.7
0-4-0 char-word-func,847,binary,SVC,0.55,0.5,0.65,0.0,0.57,0.5,0.0,0.0,0.73
0-4-0 char-word-func,847,binary,DecisionTreeClassifier,0.6,0.59,0.59,0.55,0.59,0.57,0.59,0.47,0.62
0-4-0 char-word-func,847,binary,RandomForestClassifier,0.58,0.53,0.68,0.11,0.58,0.51,0.6,0.07,0.73
0-4-0 char-word-func,847,binary,MultinomialNB,0.56,0.57,0.63,0.57,0.6,0.59,0.64,0.52,0.66
0-4-0 char-word-func,847,binary,BernoulliNB,0.56,0.56,0.63,0.54,0.61,0.58,0.64,0.45,0.7
0-4-0 char-word-func,847,binary,AdaBoostClassifier,0.65,0.63,0.65,0.5,0.59,0.54,0.58,0.32,0.71
0-5-0 char-word-func,248,binary,LogisticRegression,0.55,0.5,0.6,0.0,0.57,0.5,0.59,0.0,0.73
0-5-0 char-word-func,248,binary,LinearSVC,0.61,0.57,0.59,0.29,0.58,0.52,0.0,0.21,0.71
0-5-0 char-word-func,248,binary,SVC,0.55,0.5,0.6,0.0,0.57,0.5,0.0,0.0,0.73
0-5-0 char-word-func,248,binary,DecisionTreeClassifier,0.62,0.6,0.59,0.45,0.56,0.52,0.56,0.29,0.66
0-5-0 char-word-func,248,binary,RandomForestClassifier,0.57,0.52,0.62,0.1,0.57,0.5,0.56,0.02,0.72
0-5-0 char-word-func,248,binary,MultinomialNB,0.57,0.56,0.61,0.52,0.58,0.55,0.6,0.41,0.67
0-5-0 char-word-func,248,binary,BernoulliNB,0.51,0.53,0.61,0.55,0.53,0.58,0.6,0.62,0.39
0-5-0 char-word-func,248,binary,AdaBoostClassifier,0.63,0.6,0.62,0.39,0.58,0.52,0.57,0.23,0.71
0-6-0 char-word-func,85,binary,LogisticRegression,0.55,0.5,0.55,0.0,0.57,0.5,0.55,0.0,0.73
0-6-0 char-word-func,85,binary,LinearSVC,0.55,0.51,0.54,0.05,0.58,0.51,0.0,0.05,0.73
0-6-0 char-word-func,85,binary,SVC,0.55,0.5,0.53,0.0,0.57,0.5,0.0,0.0,0.73
0-6-0 char-word-func,85,binary,DecisionTreeClassifier,0.55,0.51,0.54,0.16,0.58,0.51,0.53,0.07,0.72
0-6-0 char-word-func,85,binary,RandomForestClassifier,0.55,0.5,0.55,0.03,0.57,0.5,0.53,0.0,0.73
0-6-0 char-word-func,85,binary,MultinomialNB,0.54,0.51,0.54,0.28,0.58,0.51,0.55,0.15,0.72
0-6-0 char-word-func,85,binary,BernoulliNB,0.49,0.52,0.54,0.57,0.48,0.54,0.55,0.62,0.17
0-6-0 char-word-func,85,binary,AdaBoostClassifier,0.55,0.51,0.54,0.16,0.57,0.5,0.54,0.07,0.72
0-0-1 char-word-func,293,binary,LogisticRegression,0.64,0.62,0.68,0.48,0.66,0.63,0.68,0.49,0.75
0-0-1 char-word-func,293,binary,LinearSVC,0.62,0.62,0.67,0.56,0.66,0.64,0.0,0.57,0.71
0-0-1 char-word-func,293,binary,SVC,0.63,0.61,0.68,0.46,0.66,0.62,0.0,0.46,0.75
0-0-1 char-word-func,293,binary,DecisionTreeClassifier,0.53,0.53,0.53,0.5,0.57,0.56,0.56,0.5,0.62
0-0-1 char-word-func,293,binary,RandomForestClassifier,0.55,0.51,0.67,0.05,0.57,0.5,0.67,0.0,0.73
0-0-1 char-word-func,293,binary,MultinomialNB,0.62,0.61,0.66,0.56,0.62,0.62,0.68,0.57,0.66
0-0-1 char-word-func,293,binary,BernoulliNB,0.6,0.6,0.66,0.58,0.61,0.61,0.67,0.58,0.64
0-0-1 char-word-func,293,binary,AdaBoostClassifier,0.6,0.59,0.64,0.54,0.61,0.6,0.66,0.53,0.67
0-0-2 char-word-func,3203,binary,LogisticRegression,0.63,0.61,0.65,0.48,0.68,0.64,0.68,0.51,0.76
0-0-2 char-word-func,3203,binary,LinearSVC,0.63,0.62,0.64,0.55,0.65,0.62,0.0,0.54,0.71
0-0-2 char-word-func,3203,binary,SVC,0.63,0.6,0.65,0.45,0.65,0.6,0.0,0.42,0.75
0-0-2 char-word-func,3203,binary,DecisionTreeClassifier,0.55,0.54,0.54,0.5,0.57,0.56,0.56,0.49,0.62
0-0-2 char-word-func,3203,binary,RandomForestClassifier,0.55,0.5,0.61,0.01,0.57,0.5,0.64,0.0,0.73
0-0-2 char-word-func,3203,binary,MultinomialNB,0.6,0.59,0.6,0.54,0.69,0.67,0.7,0.59,0.75
0-0-2 char-word-func,3203,binary,BernoulliNB,0.57,0.58,0.6,0.6,0.59,0.59,0.67,0.56,0.61
0-0-2 char-word-func,3203,binary,AdaBoostClassifier,0.58,0.57,0.6,0.5,0.57,0.56,0.61,0.49,0.63
0-0-3 char-word-func,3790,binary,LogisticRegression,0.61,0.57,0.62,0.33,0.61,0.55,0.65,0.28,0.73
0-0-3 char-word-func,3790,binary,LinearSVC,0.59,0.58,0.61,0.49,0.63,0.61,0.0,0.52,0.7
0-0-3 char-word-func,3790,binary,SVC,0.58,0.54,0.62,0.21,0.59,0.53,0.0,0.14,0.73
0-0-3 char-word-func,3790,binary,DecisionTreeClassifier,0.54,0.54,0.54,0.49,0.55,0.55,0.55,0.52,0.58
0-0-3 char-word-func,3790,binary,RandomForestClassifier,0.55,0.5,0.58,0.02,0.58,0.5,0.57,0.02,0.73
0-0-3 char-word-func,3790,binary,MultinomialNB,0.58,0.57,0.58,0.53,0.61,0.6,0.66,0.51,0.68
0-0-3 char-word-func,3790,binary,BernoulliNB,0.53,0.54,0.57,0.54,0.56,0.57,0.66,0.55,0.58
0-0-3 char-word-func,3790,binary,AdaBoostClassifier,0.58,0.57,0.57,0.49,0.58,0.56,0.58,0.47,0.65
0-0-4 char-word-func,1020,binary,LogisticRegression,0.56,0.51,0.58,0.06,0.58,0.51,0.61,0.05,0.73
0-0-4 char-word-func,1020,binary,LinearSVC,0.61,0.58,0.57,0.39,0.59,0.54,0.0,0.31,0.71
0-0-4 char-word-func,1020,binary,SVC,0.55,0.5,0.58,0.0,0.57,0.5,0.0,0.0,0.73
0-0-4 char-word-func,1020,binary,DecisionTreeClassifier,0.54,0.54,0.53,0.5,0.56,0.55,0.54,0.47,0.62
0-0-4 char-word-func,1020,binary,RandomForestClassifier,0.55,0.51,0.6,0.06,0.58,0.51,0.55,0.05,0.73
0-0-4 char-word-func,1020,binary,MultinomialNB,0.56,0.56,0.57,0.52,0.58,0.57,0.62,0.47,0.66
0-0-4 char-word-func,1020,binary,BernoulliNB,0.54,0.54,0.55,0.47,0.6,0.57,0.61,0.45,0.68
0-0-4 char-word-func,1020,binary,AdaBoostClassifier,0.58,0.55,0.55,0.4,0.58,0.54,0.57,0.35,0.69
0-0-5 char-word-func,136,binary,LogisticRegression,0.55,0.5,0.55,0.0,0.57,0.5,0.53,0.0,0.73
0-0-5 char-word-func,136,binary,LinearSVC,0.58,0.53,0.55,0.16,0.58,0.52,0.0,0.13,0.73
0-0-5 char-word-func,136,binary,SVC,0.55,0.5,0.55,0.0,0.57,0.5,0.0,0.0,0.73
0-0-5 char-word-func,136,binary,DecisionTreeClassifier,0.57,0.54,0.53,0.35,0.54,0.49,0.51,0.22,0.66
0-0-5 char-word-func,136,binary,RandomForestClassifier,0.57,0.53,0.53,0.12,0.57,0.5,0.53,0.08,0.72
0-0-5 char-word-func,136,binary,MultinomialNB,0.58,0.55,0.56,0.36,0.56,0.51,0.54,0.2,0.7
0-0-5 char-word-func,136,binary,BernoulliNB,0.57,0.55,0.54,0.36,0.56,0.5,0.53,0.19,0.69
0-0-5 char-word-func,136,binary,AdaBoostClassifier,0.56,0.53,0.54,0.28,0.56,0.5,0.52,0.18,0.7
0-0-6 char-word-func,18,binary,LogisticRegression,0.55,0.5,0.52,0.0,0.57,0.5,0.52,0.0,0.73
0-0-6 char-word-func,18,binary,LinearSVC,0.55,0.5,0.53,0.01,0.58,0.51,0.0,0.04,0.73
0-0-6 char-word-func,18,binary,SVC,0.55,0.5,0.52,0.0,0.57,0.5,0.0,0.0,0.73
0-0-6 char-word-func,18,binary,DecisionTreeClassifier,0.57,0.53,0.53,0.17,0.58,0.52,0.52,0.08,0.73
0-0-6 char-word-func,18,binary,RandomForestClassifier,0.56,0.52,0.53,0.11,0.58,0.52,0.52,0.08,0.73
0-0-6 char-word-func,18,binary,MultinomialNB,0.57,0.53,0.53,0.16,0.58,0.52,0.52,0.08,0.73
0-0-6 char-word-func,18,binary,BernoulliNB,0.57,0.53,0.52,0.19,0.58,0.52,0.53,0.08,0.73
0-0-6 char-word-func,18,binary,AdaBoostClassifier,0.57,0.53,0.53,0.19,0.58,0.52,0.52,0.08,0.73
1-1-1 char-word-func,4414,binary,LogisticRegression,0.7,0.69,0.82,0.64,0.77,0.76,0.87,0.7,0.82
1-1-1 char-word-func,4414,binary,LinearSVC,0.75,0.75,0.84,0.74,0.84,0.83,0.0,0.8,0.87
1-1-1 char-word-func,4414,binary,SVC,0.74,0.74,0.83,0.72,0.81,0.8,0.0,0.76,0.85
1-1-1 char-word-func,4414,binary,DecisionTreeClassifier,0.72,0.72,0.72,0.7,0.81,0.81,0.81,0.78,0.84
1-1-1 char-word-func,4414,binary,RandomForestClassifier,0.58,0.54,0.8,0.14,0.63,0.57,0.88,0.24,0.76
1-1-1 char-word-func,4414,binary,MultinomialNB,0.62,0.64,0.74,0.67,0.73,0.75,0.86,0.73,0.74
1-1-1 char-word-func,4414,binary,BernoulliNB,0.59,0.61,0.72,0.65,0.68,0.7,0.83,0.69,0.66
1-1-1 char-word-func,4414,binary,AdaBoostClassifier,0.77,0.77,0.85,0.75,0.81,0.8,0.9,0.76,0.85
2-2-2 char-word-func,11448,binary,LogisticRegression,0.78,0.78,0.87,0.75,0.86,0.84,0.93,0.81,0.89
2-2-2 char-word-func,11448,binary,LinearSVC,0.8,0.8,0.89,0.78,0.85,0.83,0.0,0.8,0.88
2-2-2 char-word-func,11448,binary,SVC,0.8,0.8,0.89,0.78,0.84,0.83,0.0,0.8,0.87
2-2-2 char-word-func,11448,binary,DecisionTreeClassifier,0.71,0.71,0.71,0.69,0.8,0.78,0.78,0.73,0.84
2-2-2 char-word-func,11448,binary,RandomForestClassifier,0.63,0.59,0.88,0.28,0.72,0.67,0.95,0.52,0.8
2-2-2 char-word-func,11448,binary,MultinomialNB,0.69,0.7,0.8,0.72,0.85,0.85,0.93,0.83,0.87
2-2-2 char-word-func,11448,binary,BernoulliNB,0.64,0.66,0.75,0.69,0.73,0.74,0.88,0.72,0.73
2-2-2 char-word-func,11448,binary,AdaBoostClassifier,0.79,0.79,0.87,0.77,0.86,0.85,0.93,0.82,0.89
3-3-3 char-word-func,14577,binary,LogisticRegression,0.7,0.69,0.8,0.65,0.82,0.8,0.9,0.77,0.85
3-3-3 char-word-func,14577,binary,LinearSVC,0.73,0.73,0.82,0.71,0.81,0.8,0.0,0.77,0.84
3-3-3 char-word-func,14577,binary,SVC,0.74,0.73,0.82,0.71,0.81,0.79,0.0,0.76,0.84
3-3-3 char-word-func,14577,binary,DecisionTreeClassifier,0.77,0.77,0.77,0.74,0.81,0.8,0.8,0.77,0.83
3-3-3 char-word-func,14577,binary,RandomForestClassifier,0.59,0.54,0.87,0.16,0.66,0.61,0.93,0.35,0.77
3-3-3 char-word-func,14577,binary,MultinomialNB,0.7,0.71,0.81,0.71,0.85,0.84,0.93,0.82,0.87
3-3-3 char-word-func,14577,binary,BernoulliNB,0.62,0.64,0.7,0.66,0.69,0.72,0.82,0.71,0.68
3-3-3 char-word-func,14577,binary,AdaBoostClassifier,0.79,0.79,0.85,0.77,0.83,0.82,0.9,0.79,0.86
4-4-4 char-word-func,22548,binary,LogisticRegression,0.66,0.65,0.75,0.6,0.78,0.76,0.85,0.7,0.83
4-4-4 char-word-func,22548,binary,LinearSVC,0.65,0.65,0.76,0.62,0.78,0.76,0.0,0.72,0.82
4-4-4 char-word-func,22548,binary,SVC,0.67,0.67,0.76,0.64,0.76,0.74,0.0,0.69,0.81
4-4-4 char-word-func,22548,binary,DecisionTreeClassifier,0.64,0.63,0.63,0.59,0.64,0.63,0.63,0.58,0.68
4-4-4 char-word-func,22548,binary,RandomForestClassifier,0.56,0.52,0.73,0.09,0.58,0.51,0.88,0.05,0.73
4-4-4 char-word-func,22548,binary,MultinomialNB,0.63,0.64,0.71,0.64,0.79,0.8,0.88,0.77,0.81
4-4-4 char-word-func,22548,binary,BernoulliNB,0.58,0.59,0.64,0.63,0.64,0.66,0.74,0.66,0.62
4-4-4 char-word-func,22548,binary,AdaBoostClassifier,0.69,0.69,0.76,0.65,0.74,0.71,0.8,0.64,0.8
5-5-5 char-word-func,32310,binary,LogisticRegression,0.64,0.63,0.72,0.59,0.74,0.72,0.83,0.63,0.8
5-5-5 char-word-func,32310,binary,LinearSVC,0.64,0.64,0.74,0.61,0.76,0.74,0.0,0.69,0.8
5-5-5 char-word-func,32310,binary,SVC,0.66,0.65,0.74,0.62,0.74,0.72,0.0,0.65,0.79
5-5-5 char-word-func,32310,binary,DecisionTreeClassifier,0.59,0.59,0.59,0.57,0.64,0.63,0.63,0.58,0.68
5-5-5 char-word-func,32310,binary,RandomForestClassifier,0.55,0.51,0.69,0.04,0.58,0.51,0.78,0.04,0.73
5-5-5 char-word-func,32310,binary,MultinomialNB,0.59,0.6,0.65,0.62,0.74,0.74,0.83,0.71,0.76
5-5-5 char-word-func,32310,binary,BernoulliNB,0.54,0.56,0.6,0.61,0.63,0.65,0.71,0.65,0.6
5-5-5 char-word-func,32310,binary,AdaBoostClassifier,0.69,0.68,0.74,0.64,0.71,0.7,0.78,0.65,0.75
6-6-6 char-word-func,37208,binary,LogisticRegression,0.63,0.63,0.7,0.58,0.75,0.72,0.81,0.64,0.81
6-6-6 char-word-func,37208,binary,LinearSVC,0.63,0.63,0.71,0.6,0.74,0.72,0.0,0.66,0.79
6-6-6 char-word-func,37208,binary,SVC,0.63,0.63,0.71,0.59,0.73,0.71,0.0,0.64,0.78
6-6-6 char-word-func,37208,binary,DecisionTreeClassifier,0.61,0.6,0.6,0.56,0.61,0.6,0.6,0.54,0.67
6-6-6 char-word-func,37208,binary,RandomForestClassifier,0.57,0.52,0.7,0.09,0.58,0.51,0.75,0.04,0.73
6-6-6 char-word-func,37208,binary,MultinomialNB,0.55,0.57,0.63,0.59,0.75,0.75,0.8,0.71,0.78
6-6-6 char-word-func,37208,binary,BernoulliNB,0.53,0.55,0.59,0.61,0.62,0.64,0.7,0.65,0.59
6-6-6 char-word-func,37208,binary,AdaBoostClassifier,0.65,0.65,0.71,0.61,0.68,0.66,0.74,0.6,0.73
1-1-0 char-word-func,4121,binary,LogisticRegression,0.71,0.7,0.84,0.65,0.81,0.8,0.89,0.76,0.85
1-1-0 char-word-func,4121,binary,LinearSVC,0.75,0.75,0.85,0.74,0.83,0.82,0.0,0.79,0.86
1-1-0 char-word-func,4121,binary,SVC,0.75,0.75,0.85,0.74,0.82,0.81,0.0,0.77,0.85
1-1-0 char-word-func,4121,binary,DecisionTreeClassifier,0.72,0.72,0.72,0.7,0.79,0.78,0.78,0.75,0.82
1-1-0 char-word-func,4121,binary,RandomForestClassifier,0.57,0.52,0.76,0.08,0.6,0.53,0.88,0.1,0.74
1-1-0 char-word-func,4121,binary,MultinomialNB,0.61,0.62,0.73,0.65,0.73,0.74,0.86,0.72,0.74
1-1-0 char-word-func,4121,binary,BernoulliNB,0.59,0.61,0.71,0.65,0.71,0.73,0.84,0.72,0.69
1-1-0 char-word-func,4121,binary,AdaBoostClassifier,0.77,0.76,0.85,0.74,0.81,0.8,0.9,0.77,0.84
2-1-0 char-word-func,5575,binary,LogisticRegression,0.79,0.79,0.89,0.77,0.86,0.84,0.94,0.82,0.88
2-1-0 char-word-func,5575,binary,LinearSVC,0.8,0.8,0.9,0.78,0.87,0.86,0.0,0.84,0.89
2-1-0 char-word-func,5575,binary,SVC,0.8,0.8,0.9,0.79,0.85,0.84,0.0,0.81,0.88
2-1-0 char-word-func,5575,binary,DecisionTreeClassifier,0.71,0.71,0.71,0.69,0.75,0.73,0.73,0.68,0.8
2-1-0 char-word-func,5575,binary,RandomForestClassifier,0.64,0.6,0.89,0.3,0.74,0.69,0.95,0.55,0.81
2-1-0 char-word-func,5575,binary,MultinomialNB,0.7,0.71,0.83,0.74,0.81,0.81,0.92,0.79,0.82
2-1-0 char-word-func,5575,binary,BernoulliNB,0.67,0.69,0.79,0.72,0.73,0.74,0.89,0.73,0.72
2-1-0 char-word-func,5575,binary,AdaBoostClassifier,0.81,0.81,0.9,0.79,0.85,0.84,0.92,0.81,0.87
3-1-0 char-word-func,11947,binary,LogisticRegression,0.68,0.68,0.8,0.64,0.82,0.81,0.9,0.77,0.86
3-1-0 char-word-func,11947,binary,LinearSVC,0.73,0.73,0.82,0.71,0.81,0.8,0.0,0.76,0.84
3-1-0 char-word-func,11947,binary,SVC,0.73,0.73,0.82,0.71,0.81,0.79,0.0,0.75,0.84
3-1-0 char-word-func,11947,binary,DecisionTreeClassifier,0.72,0.72,0.72,0.7,0.81,0.8,0.8,0.77,0.84
3-1-0 char-word-func,11947,binary,RandomForestClassifier,0.58,0.53,0.82,0.12,0.69,0.63,0.92,0.42,0.79
3-1-0 char-word-func,11947,binary,MultinomialNB,0.69,0.7,0.81,0.71,0.81,0.82,0.92,0.8,0.82
3-1-0 char-word-func,11947,binary,BernoulliNB,0.62,0.64,0.69,0.67,0.69,0.72,0.81,0.71,0.67
3-1-0 char-word-func,11947,binary,AdaBoostClassifier,0.8,0.8,0.87,0.79,0.85,0.84,0.9,0.82,0.88
4-1-0 char-word-func,24701,binary,LogisticRegression,0.65,0.65,0.75,0.6,0.79,0.77,0.85,0.71,0.84
4-1-0 char-word-func,24701,binary,LinearSVC,0.65,0.65,0.76,0.63,0.77,0.75,0.0,0.7,0.82
4-1-0 char-word-func,24701,binary,SVC,0.67,0.67,0.76,0.64,0.76,0.74,0.0,0.69,0.81
4-1-0 char-word-func,24701,binary,DecisionTreeClassifier,0.64,0.63,0.63,0.59,0.69,0.68,0.68,0.62,0.75
4-1-0 char-word-func,24701,binary,RandomForestClassifier,0.58,0.53,0.71,0.13,0.6,0.53,0.82,0.12,0.74
4-1-0 char-word-func,24701,binary,MultinomialNB,0.63,0.64,0.7,0.65,0.77,0.78,0.86,0.75,0.79
4-1-0 char-word-func,24701,binary,BernoulliNB,0.57,0.59,0.63,0.63,0.63,0.66,0.73,0.66,0.61
4-1-0 char-word-func,24701,binary,AdaBoostClassifier,0.7,0.7,0.77,0.67,0.76,0.74,0.81,0.68,0.81
5-1-0 char-word-func,35946,binary,LogisticRegression,0.65,0.64,0.73,0.59,0.75,0.72,0.83,0.65,0.81
5-1-0 char-word-func,35946,binary,LinearSVC,0.64,0.64,0.74,0.62,0.76,0.75,0.0,0.69,0.81
5-1-0 char-word-func,35946,binary,SVC,0.66,0.66,0.75,0.62,0.74,0.72,0.0,0.65,0.79
5-1-0 char-word-func,35946,binary,DecisionTreeClassifier,0.59,0.58,0.58,0.53,0.67,0.67,0.67,0.62,0.71
5-1-0 char-word-func,35946,binary,RandomForestClassifier,0.57,0.52,0.72,0.09,0.6,0.54,0.8,0.13,0.74
5-1-0 char-word-func,35946,binary,MultinomialNB,0.59,0.6,0.65,0.62,0.73,0.74,0.83,0.71,0.75
5-1-0 char-word-func,35946,binary,BernoulliNB,0.55,0.57,0.6,0.61,0.63,0.65,0.7,0.65,0.6
5-1-0 char-word-func,35946,binary,AdaBoostClassifier,0.69,0.69,0.74,0.65,0.67,0.66,0.76,0.62,0.7
6-1-0 char-word-func,41125,binary,LogisticRegression,0.65,0.64,0.72,0.6,0.76,0.73,0.82,0.64,0.81
6-1-0 char-word-func,41125,binary,LinearSVC,0.64,0.64,0.73,0.62,0.76,0.74,0.0,0.68,0.8
6-1-0 char-word-func,41125,binary,SVC,0.66,0.65,0.73,0.62,0.76,0.74,0.0,0.69,0.8
6-1-0 char-word-func,41125,binary,DecisionTreeClassifier,0.58,0.58,0.58,0.52,0.59,0.58,0.58,0.49,0.66
6-1-0 char-word-func,41125,binary,RandomForestClassifier,0.57,0.53,0.71,0.1,0.58,0.51,0.8,0.05,0.73
6-1-0 char-word-func,41125,binary,MultinomialNB,0.55,0.56,0.63,0.59,0.74,0.74,0.81,0.71,0.77
6-1-0 char-word-func,41125,binary,BernoulliNB,0.53,0.55,0.59,0.6,0.63,0.65,0.7,0.65,0.6
6-1-0 char-word-func,41125,binary,AdaBoostClassifier,0.64,0.64,0.7,0.61,0.69,0.68,0.78,0.63,0.74
1-0-1 char-word-func,394,binary,LogisticRegression,0.71,0.7,0.84,0.62,0.8,0.79,0.86,0.75,0.84
1-0-1 char-word-func,394,binary,LinearSVC,0.78,0.77,0.85,0.76,0.8,0.79,0.0,0.76,0.83
1-0-1 char-word-func,394,binary,SVC,0.75,0.74,0.85,0.71,0.8,0.79,0.0,0.75,0.83
1-0-1 char-word-func,394,binary,DecisionTreeClassifier,0.69,0.69,0.69,0.66,0.79,0.78,0.79,0.75,0.82
1-0-1 char-word-func,394,binary,RandomForestClassifier,0.61,0.57,0.81,0.24,0.69,0.64,0.87,0.44,0.78
1-0-1 char-word-func,394,binary,MultinomialNB,0.66,0.68,0.81,0.7,0.68,0.7,0.85,0.69,0.67
1-0-1 char-word-func,394,binary,BernoulliNB,0.67,0.69,0.79,0.71,0.68,0.69,0.82,0.68,0.67
1-0-1 char-word-func,394,binary,AdaBoostClassifier,0.75,0.74,0.82,0.73,0.86,0.86,0.93,0.83,0.88
2-0-1 char-word-func,1848,binary,LogisticRegression,0.81,0.81,0.9,0.79,0.84,0.83,0.94,0.8,0.87
2-0-1 char-word-func,1848,binary,LinearSVC,0.82,0.82,0.91,0.81,0.84,0.84,0.0,0.81,0.87
2-0-1 char-word-func,1848,binary,SVC,0.83,0.83,0.91,0.82,0.84,0.83,0.0,0.8,0.87
2-0-1 char-word-func,1848,binary,DecisionTreeClassifier,0.72,0.72,0.72,0.7,0.79,0.77,0.77,0.72,0.83
2-0-1 char-word-func,1848,binary,RandomForestClassifier,0.66,0.62,0.88,0.33,0.74,0.69,0.95,0.55,0.81
2-0-1 char-word-func,1848,binary,MultinomialNB,0.73,0.74,0.87,0.75,0.82,0.83,0.93,0.8,0.83
2-0-1 char-word-func,1848,binary,BernoulliNB,0.7,0.71,0.82,0.72,0.75,0.76,0.88,0.74,0.76
2-0-1 char-word-func,1848,binary,AdaBoostClassifier,0.8,0.8,0.89,0.78,0.85,0.84,0.92,0.82,0.87
3-0-1 char-word-func,8220,binary,LogisticRegression,0.7,0.69,0.81,0.66,0.82,0.81,0.9,0.77,0.86
3-0-1 char-word-func,8220,binary,LinearSVC,0.73,0.73,0.82,0.71,0.81,0.8,0.0,0.76,0.83
3-0-1 char-word-func,8220,binary,SVC,0.73,0.73,0.82,0.7,0.79,0.78,0.0,0.74,0.83
3-0-1 char-word-func,8220,binary,DecisionTreeClassifier,0.73,0.72,0.72,0.71,0.81,0.8,0.8,0.77,0.83
3-0-1 char-word-func,8220,binary,RandomForestClassifier,0.6,0.55,0.84,0.19,0.69,0.64,0.92,0.44,0.79
3-0-1 char-word-func,8220,binary,MultinomialNB,0.69,0.7,0.83,0.71,0.82,0.83,0.93,0.8,0.83
3-0-1 char-word-func,8220,binary,BernoulliNB,0.64,0.66,0.7,0.68,0.68,0.7,0.82,0.7,0.67
3-0-1 char-word-func,8220,binary,AdaBoostClassifier,0.78,0.78,0.85,0.75,0.86,0.85,0.91,0.82,0.88
4-0-1 char-word-func,20974,binary,LogisticRegression,0.66,0.65,0.75,0.6,0.78,0.75,0.85,0.69,0.83
4-0-1 char-word-func,20974,binary,LinearSVC,0.65,0.65,0.76,0.63,0.77,0.76,0.0,0.71,0.82
4-0-1 char-word-func,20974,binary,SVC,0.66,0.66,0.76,0.64,0.76,0.74,0.0,0.68,0.81
4-0-1 char-word-func,20974,binary,DecisionTreeClassifier,0.62,0.62,0.62,0.56,0.66,0.65,0.65,0.59,0.72
4-0-1 char-word-func,20974,binary,RandomForestClassifier,0.57,0.52,0.69,0.08,0.6,0.53,0.81,0.1,0.74
4-0-1 char-word-func,20974,binary,MultinomialNB,0.64,0.65,0.71,0.65,0.78,0.79,0.87,0.76,0.79
4-0-1 char-word-func,20974,binary,BernoulliNB,0.58,0.6,0.63,0.63,0.63,0.65,0.73,0.65,0.61
4-0-1 char-word-func,20974,binary,AdaBoostClassifier,0.69,0.69,0.74,0.65,0.73,0.7,0.77,0.63,0.78
5-0-1 char-word-func,32219,binary,LogisticRegression,0.65,0.64,0.73,0.59,0.74,0.72,0.82,0.64,0.8
5-0-1 char-word-func,32219,binary,LinearSVC,0.64,0.64,0.74,0.61,0.75,0.73,0.0,0.68,0.79
5-0-1 char-word-func,32219,binary,SVC,0.65,0.65,0.74,0.62,0.75,0.73,0.0,0.67,0.8
5-0-1 char-word-func,32219,binary,DecisionTreeClassifier,0.58,0.58,0.58,0.57,0.73,0.71,0.71,0.67,0.77
5-0-1 char-word-func,32219,binary,RandomForestClassifier,0.57,0.52,0.71,0.09,0.6,0.53,0.81,0.1,0.74
5-0-1 char-word-func,32219,binary,MultinomialNB,0.6,0.61,0.65,0.63,0.73,0.73,0.82,0.7,0.75
5-0-1 char-word-func,32219,binary,BernoulliNB,0.54,0.57,0.61,0.61,0.62,0.64,0.71,0.64,0.59
5-0-1 char-word-func,32219,binary,AdaBoostClassifier,0.67,0.67,0.74,0.65,0.72,0.7,0.78,0.64,0.77
6-0-1 char-word-func,37398,binary,LogisticRegression,0.63,0.63,0.71,0.59,0.74,0.71,0.81,0.61,0.8
6-0-1 char-word-func,37398,binary,LinearSVC,0.63,0.63,0.73,0.6,0.76,0.74,0.0,0.69,0.8
6-0-1 char-word-func,37398,binary,SVC,0.65,0.64,0.72,0.61,0.74,0.72,0.0,0.66,0.79
6-0-1 char-word-func,37398,binary,DecisionTreeClassifier,0.58,0.58,0.58,0.53,0.61,0.6,0.6,0.55,0.65
6-0-1 char-word-func,37398,binary,RandomForestClassifier,0.57,0.53,0.71,0.1,0.59,0.52,0.74,0.09,0.74
6-0-1 char-word-func,37398,binary,MultinomialNB,0.55,0.56,0.63,0.59,0.74,0.74,0.8,0.7,0.76
6-0-1 char-word-func,37398,binary,BernoulliNB,0.53,0.55,0.59,0.61,0.61,0.64,0.7,0.64,0.58
6-0-1 char-word-func,37398,binary,AdaBoostClassifier,0.64,0.64,0.68,0.59,0.71,0.7,0.76,0.65,0.76
1-1-0 char-word-func,4121,binary,LogisticRegression,0.71,0.7,0.84,0.65,0.81,0.8,0.89,0.76,0.85
1-1-0 char-word-func,4121,binary,LinearSVC,0.75,0.75,0.85,0.74,0.83,0.82,0.0,0.79,0.86
1-1-0 char-word-func,4121,binary,SVC,0.75,0.75,0.85,0.74,0.82,0.81,0.0,0.77,0.85
1-1-0 char-word-func,4121,binary,DecisionTreeClassifier,0.72,0.72,0.72,0.7,0.79,0.78,0.78,0.75,0.82
1-1-0 char-word-func,4121,binary,RandomForestClassifier,0.57,0.52,0.76,0.08,0.6,0.53,0.88,0.1,0.74
1-1-0 char-word-func,4121,binary,MultinomialNB,0.61,0.62,0.73,0.65,0.73,0.74,0.86,0.72,0.74
1-1-0 char-word-func,4121,binary,BernoulliNB,0.59,0.61,0.71,0.65,0.71,0.73,0.84,0.72,0.69
1-1-0 char-word-func,4121,binary,AdaBoostClassifier,0.77,0.76,0.85,0.74,0.81,0.8,0.9,0.77,0.84
1-2-0 char-word-func,6791,binary,LogisticRegression,0.7,0.69,0.82,0.62,0.82,0.8,0.87,0.76,0.86
1-2-0 char-word-func,6791,binary,LinearSVC,0.74,0.74,0.84,0.72,0.83,0.81,0.0,0.78,0.86
1-2-0 char-word-func,6791,binary,SVC,0.74,0.73,0.83,0.7,0.83,0.81,0.0,0.77,0.86
1-2-0 char-word-func,6791,binary,DecisionTreeClassifier,0.72,0.72,0.72,0.69,0.79,0.77,0.77,0.73,0.83
1-2-0 char-word-func,6791,binary,RandomForestClassifier,0.56,0.51,0.76,0.05,0.57,0.5,0.79,0.0,0.73
1-2-0 char-word-func,6791,binary,MultinomialNB,0.56,0.58,0.64,0.61,0.73,0.74,0.83,0.71,0.75
1-2-0 char-word-func,6791,binary,BernoulliNB,0.55,0.57,0.65,0.61,0.67,0.69,0.82,0.67,0.67
1-2-0 char-word-func,6791,binary,AdaBoostClassifier,0.79,0.78,0.84,0.75,0.8,0.79,0.87,0.75,0.84
1-3-0 char-word-func,2961,binary,LogisticRegression,0.71,0.69,0.84,0.59,0.77,0.75,0.87,0.69,0.82
1-3-0 char-word-func,2961,binary,LinearSVC,0.77,0.77,0.86,0.75,0.81,0.8,0.0,0.76,0.83
1-3-0 char-word-func,2961,binary,SVC,0.73,0.71,0.85,0.63,0.81,0.78,0.0,0.74,0.85
1-3-0 char-word-func,2961,binary,DecisionTreeClassifier,0.74,0.73,0.73,0.71,0.81,0.81,0.81,0.78,0.84
1-3-0 char-word-func,2961,binary,RandomForestClassifier,0.58,0.53,0.81,0.11,0.59,0.52,0.83,0.09,0.74
1-3-0 char-word-func,2961,binary,MultinomialNB,0.61,0.63,0.7,0.65,0.76,0.76,0.82,0.73,0.78
1-3-0 char-word-func,2961,binary,BernoulliNB,0.61,0.62,0.71,0.65,0.76,0.76,0.83,0.74,0.77
1-3-0 char-word-func,2961,binary,AdaBoostClassifier,0.76,0.75,0.81,0.73,0.79,0.78,0.89,0.75,0.83
1-4-0 char-word-func,948,binary,LogisticRegression,0.68,0.66,0.82,0.55,0.76,0.73,0.85,0.66,0.81
1-4-0 char-word-func,948,binary,LinearSVC,0.75,0.75,0.85,0.73,0.8,0.78,0.0,0.74,0.83
1-4-0 char-word-func,948,binary,SVC,0.7,0.68,0.83,0.57,0.79,0.77,0.0,0.72,0.83
1-4-0 char-word-func,948,binary,DecisionTreeClassifier,0.76,0.76,0.76,0.74,0.8,0.79,0.79,0.75,0.83
1-4-0 char-word-func,948,binary,RandomForestClassifier,0.62,0.58,0.82,0.27,0.71,0.67,0.85,0.5,0.8
1-4-0 char-word-func,948,binary,MultinomialNB,0.64,0.66,0.77,0.69,0.72,0.73,0.82,0.71,0.73
1-4-0 char-word-func,948,binary,BernoulliNB,0.64,0.66,0.78,0.69,0.71,0.73,0.83,0.71,0.71
1-4-0 char-word-func,948,binary,AdaBoostClassifier,0.72,0.72,0.78,0.7,0.79,0.77,0.89,0.73,0.82
1-5-0 char-word-func,349,binary,LogisticRegression,0.67,0.65,0.8,0.53,0.76,0.73,0.85,0.66,0.81
1-5-0 char-word-func,349,binary,LinearSVC,0.74,0.74,0.83,0.72,0.79,0.78,0.0,0.75,0.82
1-5-0 char-word-func,349,binary,SVC,0.67,0.64,0.81,0.47,0.78,0.76,0.0,0.7,0.83
1-5-0 char-word-func,349,binary,DecisionTreeClassifier,0.74,0.73,0.73,0.7,0.78,0.76,0.76,0.72,0.81
1-5-0 char-word-func,349,binary,RandomForestClassifier,0.67,0.63,0.81,0.39,0.71,0.66,0.85,0.51,0.79
1-5-0 char-word-func,349,binary,MultinomialNB,0.63,0.65,0.8,0.7,0.66,0.68,0.82,0.69,0.62
1-5-0 char-word-func,349,binary,BernoulliNB,0.65,0.67,0.81,0.71,0.66,0.69,0.82,0.69,0.63
1-5-0 char-word-func,349,binary,AdaBoostClassifier,0.74,0.73,0.81,0.7,0.77,0.77,0.87,0.73,0.81
1-6-0 char-word-func,186,binary,LogisticRegression,0.66,0.64,0.79,0.52,0.75,0.72,0.85,0.65,0.8
1-6-0 char-word-func,186,binary,LinearSVC,0.73,0.74,0.81,0.72,0.8,0.79,0.0,0.75,0.83
1-6-0 char-word-func,186,binary,SVC,0.67,0.64,0.79,0.46,0.78,0.75,0.0,0.69,0.83
1-6-0 char-word-func,186,binary,DecisionTreeClassifier,0.72,0.72,0.72,0.68,0.79,0.77,0.77,0.73,0.82
1-6-0 char-word-func,186,binary,RandomForestClassifier,0.65,0.62,0.79,0.36,0.71,0.67,0.84,0.5,0.8
1-6-0 char-word-func,186,binary,MultinomialNB,0.63,0.65,0.78,0.7,0.65,0.68,0.82,0.69,0.6
1-6-0 char-word-func,186,binary,BernoulliNB,0.65,0.68,0.77,0.71,0.66,0.69,0.82,0.69,0.62
1-6-0 char-word-func,186,binary,AdaBoostClassifier,0.72,0.72,0.78,0.7,0.8,0.79,0.9,0.76,0.83
0-1-1 char-word-func,4313,binary,LogisticRegression,0.66,0.65,0.73,0.59,0.72,0.7,0.77,0.62,0.78
0-1-1 char-word-func,4313,binary,LinearSVC,0.65,0.65,0.73,0.63,0.71,0.69,0.0,0.63,0.76
0-1-1 char-word-func,4313,binary,SVC,0.64,0.64,0.73,0.6,0.73,0.71,0.0,0.64,0.79
0-1-1 char-word-func,4313,binary,DecisionTreeClassifier,0.58,0.57,0.57,0.52,0.66,0.66,0.66,0.61,0.7
0-1-1 char-word-func,4313,binary,RandomForestClassifier,0.56,0.52,0.71,0.07,0.59,0.52,0.78,0.07,0.74
0-1-1 char-word-func,4313,binary,MultinomialNB,0.59,0.61,0.69,0.62,0.72,0.73,0.82,0.7,0.74
0-1-1 char-word-func,4313,binary,BernoulliNB,0.58,0.59,0.68,0.63,0.65,0.67,0.79,0.67,0.63
0-1-1 char-word-func,4313,binary,AdaBoostClassifier,0.68,0.68,0.73,0.65,0.71,0.7,0.78,0.64,0.76
0-2-1 char-word-func,6983,binary,LogisticRegression,0.66,0.65,0.7,0.57,0.69,0.66,0.73,0.54,0.77
0-2-1 char-word-func,6983,binary,LinearSVC,0.64,0.63,0.7,0.59,0.68,0.67,0.0,0.6,0.74
0-2-1 char-word-func,6983,binary,SVC,0.63,0.62,0.7,0.55,0.69,0.65,0.0,0.53,0.76
0-2-1 char-word-func,6983,binary,DecisionTreeClassifier,0.58,0.57,0.57,0.53,0.6,0.59,0.59,0.52,0.65
0-2-1 char-word-func,6983,binary,RandomForestClassifier,0.55,0.5,0.67,0.01,0.57,0.5,0.7,0.0,0.73
0-2-1 char-word-func,6983,binary,MultinomialNB,0.55,0.56,0.61,0.59,0.69,0.68,0.76,0.64,0.72
0-2-1 char-word-func,6983,binary,BernoulliNB,0.53,0.55,0.61,0.59,0.64,0.65,0.75,0.63,0.64
0-2-1 char-word-func,6983,binary,AdaBoostClassifier,0.63,0.63,0.68,0.6,0.6,0.59,0.64,0.52,0.66
0-3-1 char-word-func,3153,binary,LogisticRegression,0.65,0.63,0.71,0.52,0.68,0.64,0.7,0.5,0.76
0-3-1 char-word-func,3153,binary,LinearSVC,0.64,0.63,0.7,0.58,0.66,0.64,0.0,0.56,0.72
0-3-1 char-word-func,3153,binary,SVC,0.65,0.63,0.71,0.51,0.68,0.63,0.0,0.46,0.77
0-3-1 char-word-func,3153,binary,DecisionTreeClassifier,0.51,0.51,0.51,0.46,0.58,0.57,0.57,0.5,0.64
0-3-1 char-word-func,3153,binary,RandomForestClassifier,0.56,0.51,0.69,0.06,0.58,0.51,0.66,0.04,0.73
0-3-1 char-word-func,3153,binary,MultinomialNB,0.59,0.6,0.64,0.59,0.66,0.65,0.71,0.58,0.72
0-3-1 char-word-func,3153,binary,BernoulliNB,0.58,0.59,0.65,0.6,0.64,0.63,0.71,0.57,0.69
0-3-1 char-word-func,3153,binary,AdaBoostClassifier,0.64,0.63,0.68,0.59,0.64,0.62,0.68,0.55,0.7
0-4-1 char-word-func,1140,binary,LogisticRegression,0.65,0.63,0.71,0.5,0.66,0.62,0.69,0.46,0.75
0-4-1 char-word-func,1140,binary,LinearSVC,0.64,0.63,0.7,0.57,0.65,0.63,0.0,0.56,0.7
0-4-1 char-word-func,1140,binary,SVC,0.65,0.63,0.71,0.48,0.64,0.6,0.0,0.41,0.74
0-4-1 char-word-func,1140,binary,DecisionTreeClassifier,0.55,0.55,0.55,0.51,0.56,0.55,0.55,0.47,0.61
0-4-1 char-word-func,1140,binary,RandomForestClassifier,0.57,0.52,0.7,0.1,0.58,0.51,0.64,0.04,0.73
0-4-1 char-word-func,1140,binary,MultinomialNB,0.59,0.59,0.67,0.57,0.66,0.64,0.69,0.58,0.71
0-4-1 char-word-func,1140,binary,BernoulliNB,0.57,0.58,0.67,0.58,0.63,0.63,0.69,0.59,0.66
0-4-1 char-word-func,1140,binary,AdaBoostClassifier,0.62,0.62,0.68,0.57,0.61,0.59,0.65,0.51,0.68
0-5-1 char-word-func,541,binary,LogisticRegression,0.65,0.63,0.7,0.5,0.66,0.63,0.68,0.49,0.74
0-5-1 char-word-func,541,binary,LinearSVC,0.63,0.63,0.69,0.58,0.65,0.63,0.0,0.56,0.71
0-5-1 char-word-func,541,binary,SVC,0.65,0.62,0.69,0.47,0.65,0.61,0.0,0.44,0.74
0-5-1 char-word-func,541,binary,DecisionTreeClassifier,0.53,0.53,0.53,0.5,0.55,0.54,0.54,0.46,0.62
0-5-1 char-word-func,541,binary,RandomForestClassifier,0.56,0.51,0.66,0.05,0.58,0.51,0.68,0.05,0.73
0-5-1 char-word-func,541,binary,MultinomialNB,0.6,0.6,0.68,0.59,0.61,0.61,0.67,0.58,0.63
0-5-1 char-word-func,541,binary,BernoulliNB,0.6,0.61,0.68,0.61,0.61,0.61,0.67,0.59,0.62
0-5-1 char-word-func,541,binary,AdaBoostClassifier,0.62,0.61,0.66,0.57,0.61,0.59,0.63,0.51,0.68
0-6-1 char-word-func,378,binary,LogisticRegression,0.65,0.62,0.69,0.49,0.66,0.63,0.68,0.49,0.75
0-6-1 char-word-func,378,binary,LinearSVC,0.63,0.62,0.68,0.57,0.65,0.64,0.0,0.57,0.71
0-6-1 char-word-func,378,binary,SVC,0.63,0.61,0.69,0.46,0.66,0.62,0.0,0.46,0.76
0-6-1 char-word-func,378,binary,DecisionTreeClassifier,0.54,0.54,0.54,0.5,0.53,0.52,0.52,0.46,0.59
0-6-1 char-word-func,378,binary,RandomForestClassifier,0.55,0.51,0.68,0.06,0.57,0.5,0.68,0.0,0.73
0-6-1 char-word-func,378,binary,MultinomialNB,0.6,0.6,0.67,0.58,0.61,0.62,0.68,0.59,0.63
0-6-1 char-word-func,378,binary,BernoulliNB,0.59,0.6,0.67,0.6,0.61,0.62,0.67,0.59,0.63
0-6-1 char-word-func,378,binary,AdaBoostClassifier,0.6,0.6,0.64,0.56,0.64,0.63,0.66,0.56,0.7
1-0-1 char-word-func,394,binary,LogisticRegression,0.71,0.7,0.84,0.62,0.8,0.79,0.86,0.75,0.84
1-0-1 char-word-func,394,binary,LinearSVC,0.78,0.77,0.85,0.76,0.8,0.79,0.0,0.76,0.83
1-0-1 char-word-func,394,binary,SVC,0.75,0.74,0.85,0.71,0.8,0.79,0.0,0.75,0.83
1-0-1 char-word-func,394,binary,DecisionTreeClassifier,0.69,0.69,0.69,0.66,0.79,0.78,0.79,0.75,0.82
1-0-1 char-word-func,394,binary,RandomForestClassifier,0.61,0.57,0.81,0.24,0.69,0.64,0.87,0.44,0.78
1-0-1 char-word-func,394,binary,MultinomialNB,0.66,0.68,0.81,0.7,0.68,0.7,0.85,0.69,0.67
1-0-1 char-word-func,394,binary,BernoulliNB,0.67,0.69,0.79,0.71,0.68,0.69,0.82,0.68,0.67
1-0-1 char-word-func,394,binary,AdaBoostClassifier,0.75,0.74,0.82,0.73,0.86,0.86,0.93,0.83,0.88
1-0-2 char-word-func,3304,binary,LogisticRegression,0.69,0.67,0.8,0.59,0.78,0.76,0.84,0.7,0.83
1-0-2 char-word-func,3304,binary,LinearSVC,0.75,0.75,0.83,0.72,0.78,0.77,0.0,0.72,0.82
1-0-2 char-word-func,3304,binary,SVC,0.73,0.71,0.82,0.66,0.77,0.76,0.0,0.71,0.82
1-0-2 char-word-func,3304,binary,DecisionTreeClassifier,0.76,0.75,0.75,0.73,0.8,0.8,0.8,0.77,0.82
1-0-2 char-word-func,3304,binary,RandomForestClassifier,0.57,0.53,0.79,0.09,0.6,0.53,0.84,0.12,0.74
1-0-2 char-word-func,3304,binary,MultinomialNB,0.63,0.63,0.7,0.63,0.72,0.72,0.81,0.68,0.75
1-0-2 char-word-func,3304,binary,BernoulliNB,0.61,0.62,0.68,0.64,0.65,0.65,0.76,0.64,0.65
1-0-2 char-word-func,3304,binary,AdaBoostClassifier,0.77,0.76,0.84,0.73,0.81,0.8,0.9,0.77,0.84
1-0-3 char-word-func,3891,binary,LogisticRegression,0.7,0.68,0.81,0.59,0.74,0.72,0.85,0.65,0.8
1-0-3 char-word-func,3891,binary,LinearSVC,0.75,0.75,0.84,0.72,0.81,0.8,0.0,0.76,0.83
1-0-3 char-word-func,3891,binary,SVC,0.73,0.71,0.83,0.64,0.78,0.76,0.0,0.71,0.82
1-0-3 char-word-func,3891,binary,DecisionTreeClassifier,0.69,0.69,0.69,0.66,0.81,0.8,0.8,0.78,0.83
1-0-3 char-word-func,3891,binary,RandomForestClassifier,0.56,0.51,0.76,0.05,0.64,0.58,0.82,0.26,0.76
1-0-3 char-word-func,3891,binary,MultinomialNB,0.61,0.62,0.68,0.61,0.7,0.7,0.8,0.67,0.72
1-0-3 char-word-func,3891,binary,BernoulliNB,0.58,0.59,0.67,0.6,0.69,0.71,0.79,0.69,0.7
1-0-3 char-word-func,3891,binary,AdaBoostClassifier,0.75,0.74,0.81,0.72,0.76,0.75,0.87,0.71,0.8
1-0-4 char-word-func,1121,binary,LogisticRegression,0.68,0.66,0.8,0.54,0.76,0.73,0.85,0.67,0.81
1-0-4 char-word-func,1121,binary,LinearSVC,0.75,0.75,0.83,0.73,0.8,0.78,0.0,0.75,0.83
1-0-4 char-word-func,1121,binary,SVC,0.68,0.66,0.82,0.52,0.77,0.75,0.0,0.69,0.82
1-0-4 char-word-func,1121,binary,DecisionTreeClassifier,0.74,0.74,0.74,0.71,0.76,0.74,0.74,0.7,0.8
1-0-4 char-word-func,1121,binary,RandomForestClassifier,0.62,0.58,0.81,0.28,0.71,0.67,0.83,0.5,0.8
1-0-4 char-word-func,1121,binary,MultinomialNB,0.64,0.65,0.73,0.66,0.71,0.72,0.81,0.69,0.74
1-0-4 char-word-func,1121,binary,BernoulliNB,0.63,0.65,0.74,0.66,0.74,0.75,0.82,0.73,0.76
1-0-4 char-word-func,1121,binary,AdaBoostClassifier,0.72,0.72,0.79,0.7,0.78,0.76,0.89,0.72,0.82
1-0-5 char-word-func,237,binary,LogisticRegression,0.67,0.65,0.79,0.53,0.75,0.73,0.85,0.66,0.8
1-0-5 char-word-func,237,binary,LinearSVC,0.74,0.74,0.82,0.73,0.8,0.79,0.0,0.76,0.83
1-0-5 char-word-func,237,binary,SVC,0.68,0.65,0.8,0.49,0.77,0.75,0.0,0.69,0.82
1-0-5 char-word-func,237,binary,DecisionTreeClassifier,0.72,0.71,0.71,0.68,0.77,0.76,0.76,0.71,0.81
1-0-5 char-word-func,237,binary,RandomForestClassifier,0.66,0.62,0.81,0.36,0.73,0.68,0.85,0.54,0.81
1-0-5 char-word-func,237,binary,MultinomialNB,0.64,0.67,0.78,0.7,0.69,0.71,0.81,0.71,0.67
1-0-5 char-word-func,237,binary,BernoulliNB,0.66,0.68,0.77,0.71,0.69,0.72,0.82,0.71,0.68
1-0-5 char-word-func,237,binary,AdaBoostClassifier,0.69,0.69,0.76,0.67,0.78,0.78,0.88,0.75,0.81
1-0-6 char-word-func,119,binary,LogisticRegression,0.66,0.64,0.79,0.52,0.75,0.72,0.85,0.65,0.8
1-0-6 char-word-func,119,binary,LinearSVC,0.74,0.74,0.81,0.72,0.8,0.79,0.0,0.75,0.83
1-0-6 char-word-func,119,binary,SVC,0.67,0.64,0.8,0.47,0.77,0.74,0.0,0.68,0.82
1-0-6 char-word-func,119,binary,DecisionTreeClassifier,0.74,0.73,0.73,0.7,0.79,0.77,0.78,0.73,0.83
1-0-6 char-word-func,119,binary,RandomForestClassifier,0.65,0.61,0.79,0.32,0.73,0.68,0.86,0.54,0.81
1-0-6 char-word-func,119,binary,MultinomialNB,0.64,0.66,0.78,0.7,0.67,0.7,0.82,0.69,0.64
1-0-6 char-word-func,119,binary,BernoulliNB,0.66,0.68,0.78,0.71,0.7,0.72,0.82,0.71,0.68
1-0-6 char-word-func,119,binary,AdaBoostClassifier,0.71,0.7,0.77,0.68,0.78,0.77,0.89,0.73,0.81
0-1-1 char-word-func,4313,binary,LogisticRegression,0.66,0.65,0.73,0.59,0.72,0.7,0.77,0.62,0.78
0-1-1 char-word-func,4313,binary,LinearSVC,0.65,0.65,0.73,0.63,0.71,0.69,0.0,0.63,0.76
0-1-1 char-word-func,4313,binary,SVC,0.64,0.64,0.73,0.6,0.73,0.71,0.0,0.64,0.79
0-1-1 char-word-func,4313,binary,DecisionTreeClassifier,0.58,0.57,0.57,0.52,0.66,0.66,0.66,0.61,0.7
0-1-1 char-word-func,4313,binary,RandomForestClassifier,0.56,0.52,0.71,0.07,0.59,0.52,0.78,0.07,0.74
0-1-1 char-word-func,4313,binary,MultinomialNB,0.59,0.61,0.69,0.62,0.72,0.73,0.82,0.7,0.74
0-1-1 char-word-func,4313,binary,BernoulliNB,0.58,0.59,0.68,0.63,0.65,0.67,0.79,0.67,0.63
0-1-1 char-word-func,4313,binary,AdaBoostClassifier,0.68,0.68,0.73,0.65,0.71,0.7,0.78,0.64,0.76
0-1-2 char-word-func,7223,binary,LogisticRegression,0.65,0.64,0.71,0.58,0.71,0.68,0.78,0.57,0.79
0-1-2 char-word-func,7223,binary,LinearSVC,0.65,0.64,0.72,0.61,0.74,0.72,0.0,0.65,0.79
0-1-2 char-word-func,7223,binary,SVC,0.65,0.64,0.72,0.59,0.73,0.7,0.0,0.6,0.8
0-1-2 char-word-func,7223,binary,DecisionTreeClassifier,0.59,0.58,0.58,0.53,0.63,0.62,0.62,0.56,0.68
0-1-2 char-word-func,7223,binary,RandomForestClassifier,0.55,0.51,0.68,0.03,0.58,0.5,0.79,0.02,0.73
0-1-2 char-word-func,7223,binary,MultinomialNB,0.61,0.62,0.68,0.62,0.76,0.76,0.83,0.72,0.8
0-1-2 char-word-func,7223,binary,BernoulliNB,0.56,0.58,0.65,0.61,0.64,0.65,0.76,0.64,0.63
0-1-2 char-word-func,7223,binary,AdaBoostClassifier,0.66,0.65,0.72,0.61,0.68,0.68,0.75,0.63,0.72
0-1-3 char-word-func,7810,binary,LogisticRegression,0.66,0.65,0.72,0.58,0.72,0.69,0.79,0.58,0.79
0-1-3 char-word-func,7810,binary,LinearSVC,0.67,0.67,0.73,0.64,0.72,0.7,0.0,0.64,0.77
0-1-3 char-word-func,7810,binary,SVC,0.66,0.65,0.74,0.61,0.72,0.69,0.0,0.6,0.78
0-1-3 char-word-func,7810,binary,DecisionTreeClassifier,0.58,0.58,0.58,0.56,0.61,0.62,0.62,0.58,0.64
0-1-3 char-word-func,7810,binary,RandomForestClassifier,0.56,0.51,0.69,0.03,0.58,0.5,0.76,0.02,0.73
0-1-3 char-word-func,7810,binary,MultinomialNB,0.59,0.6,0.66,0.61,0.75,0.75,0.83,0.72,0.77
0-1-3 char-word-func,7810,binary,BernoulliNB,0.55,0.57,0.65,0.61,0.66,0.68,0.78,0.67,0.64
0-1-3 char-word-func,7810,binary,AdaBoostClassifier,0.67,0.67,0.74,0.63,0.71,0.69,0.76,0.64,0.75
0-1-4 char-word-func,5040,binary,LogisticRegression,0.66,0.65,0.73,0.58,0.73,0.7,0.79,0.61,0.79
0-1-4 char-word-func,5040,binary,LinearSVC,0.66,0.66,0.74,0.64,0.73,0.7,0.0,0.64,0.78
0-1-4 char-word-func,5040,binary,SVC,0.65,0.64,0.74,0.58,0.72,0.69,0.0,0.58,0.79
0-1-4 char-word-func,5040,binary,DecisionTreeClassifier,0.58,0.58,0.58,0.53,0.6,0.58,0.58,0.51,0.65
0-1-4 char-word-func,5040,binary,RandomForestClassifier,0.58,0.53,0.69,0.11,0.6,0.53,0.83,0.12,0.74
0-1-4 char-word-func,5040,binary,MultinomialNB,0.58,0.6,0.68,0.61,0.75,0.75,0.83,0.72,0.78
0-1-4 char-word-func,5040,binary,BernoulliNB,0.57,0.59,0.67,0.63,0.69,0.71,0.81,0.7,0.69
0-1-4 char-word-func,5040,binary,AdaBoostClassifier,0.66,0.65,0.73,0.58,0.69,0.66,0.76,0.56,0.76
0-1-5 char-word-func,4156,binary,LogisticRegression,0.65,0.64,0.73,0.57,0.74,0.71,0.79,0.62,0.8
0-1-5 char-word-func,4156,binary,LinearSVC,0.66,0.66,0.74,0.63,0.73,0.71,0.0,0.65,0.78
0-1-5 char-word-func,4156,binary,SVC,0.65,0.64,0.74,0.59,0.72,0.69,0.0,0.59,0.79
0-1-5 char-word-func,4156,binary,DecisionTreeClassifier,0.57,0.57,0.57,0.53,0.64,0.63,0.63,0.58,0.69
0-1-5 char-word-func,4156,binary,RandomForestClassifier,0.55,0.51,0.69,0.03,0.57,0.5,0.81,0.0,0.73
0-1-5 char-word-func,4156,binary,MultinomialNB,0.58,0.6,0.68,0.62,0.74,0.74,0.82,0.72,0.76
0-1-5 char-word-func,4156,binary,BernoulliNB,0.56,0.58,0.68,0.62,0.67,0.69,0.8,0.68,0.66
0-1-5 char-word-func,4156,binary,AdaBoostClassifier,0.66,0.66,0.73,0.6,0.71,0.69,0.75,0.62,0.76
0-1-6 char-word-func,4038,binary,LogisticRegression,0.65,0.64,0.73,0.57,0.74,0.71,0.79,0.63,0.8
0-1-6 char-word-func,4038,binary,LinearSVC,0.66,0.66,0.74,0.63,0.73,0.71,0.0,0.65,0.78
0-1-6 char-word-func,4038,binary,SVC,0.65,0.64,0.74,0.59,0.72,0.69,0.0,0.59,0.78
0-1-6 char-word-func,4038,binary,DecisionTreeClassifier,0.6,0.59,0.59,0.55,0.63,0.63,0.63,0.58,0.67
0-1-6 char-word-func,4038,binary,RandomForestClassifier,0.55,0.5,0.69,0.03,0.58,0.51,0.78,0.05,0.73
0-1-6 char-word-func,4038,binary,MultinomialNB,0.59,0.6,0.68,0.62,0.74,0.74,0.82,0.71,0.76
0-1-6 char-word-func,4038,binary,BernoulliNB,0.56,0.58,0.67,0.62,0.68,0.7,0.8,0.69,0.66
0-1-6 char-word-func,4038,binary,AdaBoostClassifier,0.66,0.66,0.74,0.62,0.73,0.72,0.83,0.68,0.77
